"Group","Acetobacterium","Achromobacter","Acidaminococcaceae_unclassified","Acidaminococcus","Acidimicrobiales_unclassified","Acidovorax","Acinetobacter","Actinobacteria_unclassified","Actinomyces","Actinomycetaceae_unclassified","Actinomycetales_unclassified","Actinophytocola","Aeribacillus","Aerococcus","Aeromonas","Aggregatibacter","Akkermansia","Alcaligenaceae_unclassified","Alcanivorax","Alicyclobacillus","Alistipes","Allisonella","Allobaculum","Alloprevotella","Alphaproteobacteria_unclassified","Alteromonadales_unclassified","Amaricoccus","Anaerobacillus","Anaerobacter","Anaerococcus","Anaerofilum","Anaerofustis","Anaerosphaera","Anaerostipes","Anaerotruncus","Anaerovorax","Anoxybacillus","Aquabacterium","Aquincola","Arcanobacterium","Arthrobacter","Asaccharobacter","Asticcacaulis","Atopobium","Bacillaceae_1_unclassified","Bacillales_unclassified","Bacilli_unclassified","Bacillus","Bacteria_unclassified","Bacteroidales_unclassified","Bacteroides","Bacteroidetes_unclassified","Barnesiella","Bdellovibrio","Betaproteobacteria_unclassified","Bifidobacteriaceae_unclassified","Bifidobacterium","Bilophila","Blastococcus","Blastomonas","Blautia","Bordetella","Bosea","Brachybacterium","Brachymonas","Bradyrhizobiaceae_unclassified","Bradyrhizobium","Brevibacillus","Brevibacterium","Brevundimonas","Brucellaceae_unclassified","Burkholderia","Burkholderiaceae_unclassified","Burkholderiales_unclassified","Butyricicoccus","Butyricimonas","Campylobacter","Campylobacteraceae_unclassified","Campylobacterales_unclassified","Candidatus_Saccharibacteria_unclassified","Capnocytophaga","Carnobacteriaceae_unclassified","Castellaniella","Catellicoccus","Catenibacterium","Catonella","Caulobacter","Caulobacteraceae_unclassified","Cellulosilyticum","Cellvibrio","Centipeda","Cetobacterium","Chitinophagaceae_unclassified","Chryseobacterium","Chryseomicrobium","Citrobacter","Cloacibacillus","Cloacibacterium","Clostridia_unclassified","Clostridiaceae_1_unclassified","Clostridiales_Incertae_Sedis_XI_unclassified","Clostridiales_Incertae_Sedis_XIII_unclassified","Clostridiales_unclassified","Clostridium_IV","Clostridium_sensu_stricto","Clostridium_XI","Clostridium_XIX","Clostridium_XlVa","Clostridium_XlVb","Clostridium_XVIII","Collinsella","Comamonadaceae_unclassified","Comamonas","Coprobacillus","Coprococcus","Coriobacteriaceae_unclassified","Coriobacterium","Corynebacteriaceae_unclassified","Corynebacterium","Cryptobacterium","Cupriavidus","Curvibacter","Cytophagales_unclassified","Dechloromonas","Deinococcaceae_unclassified","Deinococcus","Delftia","Deltaproteobacteria_unclassified","Demequinaceae_unclassified","Dermacoccaceae_unclassified","Desulfovibrio","Desulfovibrionaceae_unclassified","Desulfovibrionales_unclassified","Devosia","Dialister","Diaphorobacter","Dietzia","Dokdonella","Dorea","Dyadobacter","Dyella","Ectothiorhodospiraceae_unclassified","Eggerthella","Eggerthia","Eikenella","Enhydrobacter","Enterobacter","Enterobacteriaceae_unclassified","Enterococcaceae_unclassified","Enterococcus","Epsilonproteobacteria_unclassified","Erysipelotrichaceae_unclassified","Erythrobacteraceae_unclassified","Escherichia/Shigella","Eubacteriaceae_unclassified","Eubacterium","Exiguobacterium","Facklamia","Faecalibacterium","Filifactor","Finegoldia","Firmicutes_unclassified","Flavobacteriaceae_unclassified","Flavobacterium","Flavonifractor","Frateuria","Fulvimonas","Fusobacteriaceae_unclassified","Fusobacteriales_unclassified","Fusobacterium","Gallicola","Gammaproteobacteria_unclassified","Gardnerella","Gemella","Gemmata","Gemmiger","Geobacillus","Globicatella","Gordonibacter","Gp1_unclassified","Gp3_unclassified","Granulicatella","Haemophilus","Hallella","Haloactinopolyspora","Halomonadaceae_unclassified","Halomonas","Helcococcus","Helicobacter","Helicobacteraceae_unclassified","Holdemania","Howardella","Hydrogenophaga","Hydrogenophilus","Hyphomicrobium","Ilumatobacter","Incertae_Sedis_XI_unclassified","Intrasporangiaceae_unclassified","Janibacter","Janthinobacterium","Jeotgalicoccus","Jiangellaceae_unclassified","Klebsiella","Kluyvera","Kocuria","Lachnoanaerobaculum","Lachnospira","Lachnospiraceae_unclassified","Lactobacillaceae_unclassified","Lactobacillales_unclassified","Lactobacillus","Lactococcus","Lactonifactor","Leclercia","Legionella","Leptotrichia","Leptotrichiaceae_unclassified","Leucobacter","Leuconostoc","Limnobacter","Limnohabitans","Luteimonas","Lysobacter","Marinobacter","Marmoricola","Marvinbryantia","Massilia","Megamonas","Megasphaera","Melissococcus","Methylobacteriaceae_unclassified","Methylobacterium","Methyloversatilis","Microbacteriaceae_unclassified","Microbacterium","Micrococcus","Microvirga","Mitsuokella","Mobiluncus","Mogibacterium","Moraxellaceae_unclassified","Morganella","Moryella","Mucispirillum","Murdochiella","Mycobacteriaceae_unclassified","Mycobacterium","Mycoplasma","Myxococcales_unclassified","Nakamurella","Naxibacter","Negativicoccus","Neisseria","Neisseriaceae_unclassified","Nesterenkonia","Nevskia","Nitrosomonas","Nocardioidaceae_unclassified","Nocardioides","Nocardiopsis","Novosphingobium","Ochrobactrum","Odoribacter","Ohtaekwangia_unclassified","Olsenella","Oribacterium","Oscillibacter","Oxalobacter","Oxalobacteraceae_unclassified","Paenibacillaceae_1_unclassified","Paenibacillus","Pantoea","Parabacteroides","Paracoccus","Paraeggerthella","Parapedobacter","Paraprevotella","Parasutterella","Parvimonas","Pasteurellaceae_unclassified","Pedobacter","Pelagibacterium","Pelomonas","Peptococcaceae_1_unclassified","Peptococcus","Peptoniphilus","Peptostreptococcaceae_unclassified","Peptostreptococcus","Petrobacter","Phascolarctobacterium","Phenylobacterium","Phocaeicola","Phyllobacteriaceae_unclassified","Pigmentiphaga","Pilibacter","Planococcaceae_unclassified","Plesiomonas","Pluralibacter","Polaromonas","Polynucleobacter","Porphyromonadaceae_unclassified","Porphyromonas","Prevotella","Prevotellaceae_unclassified","Promicromonosporaceae_unclassified","Propionibacteriaceae_unclassified","Propionibacterium","Proteobacteria_unclassified","Proteus","Pseudobutyrivibrio","Pseudochrobactrum","Pseudoflavonifractor","Pseudomonadaceae_unclassified","Pseudomonadales_unclassified","Pseudomonas","Pseudoramibacter","Pseudoxanthomonas","Pyramidobacter","Ralstonia","Raoultella","Rathayibacter","Rheinheimera","Rhizobacter","Rhizobiales_unclassified","Rhizobium","Rhodanobacter","Rhodococcus","Rhodocyclaceae_unclassified","Rhodospirillales_unclassified","Rikenellaceae_unclassified","Robinsoniella","Roseburia","Rothia","Rubrobacter","Rudaeicoccus","Ruminococcaceae_unclassified","Ruminococcus","Ruminococcus2","Saccharofermentans","Saccharopolyspora","Salinicola","Saprospiraceae_unclassified","Schlegelella","Schlesneria","Schwartzia","Sediminibacterium","Selenomonadales_unclassified","Selenomonas","Serpens","Shewanella","Skermanella","Slackia","Sneathia","Solimonas_unclassified","Solirubrobacterales_unclassified","Solobacterium","Sphaerobacter","Sphaerotilus","Sphingobacteriaceae_unclassified","Sphingobacterium","Sphingobium","Sphingomonadaceae_unclassified","Sphingomonas","Sphingopyxis","Sphingorhabdus","Sporacetigenium","Staphylococcaceae_unclassified","Staphylococcus","Stenotrophomonas","Streptococcaceae_unclassified","Streptococcus","Streptomyces","Subdoligranulum","Succinivibrionaceae_unclassified","Sutterella","Sutterellaceae_unclassified","Synergistaceae_unclassified","Syntrophococcus","Tannerella","Thermicanus","Thermomonas","Thermus","Thiobacillus","Tolumonas","Treponema","Tsukamurella","Turicella","Turicibacter","Undibacterium","Ureaplasma","Varibaculum","Veillonella","Veillonellaceae_unclassified","Victivallis","Wautersia","Wautersiella","Weissella","Xanthomonadaceae_unclassified","Xylanibacter","Yaniella","Zymophilus"
"cat18",0,0,0,0,0,0,4,0,0,0,0,0,0,0,0,0,48,0,0,0,3,0,1,0,1,0,0,0,0,96,0,0,0,0,0,6,0,0,0,0,0,0,0,0,0,0,3,0,14,11,346,2,0,0,0,0,8,2,0,0,6,3,0,0,0,0,0,0,0,0,0,0,0,0,11,0,0,0,0,0,0,0,0,0,0,0,0,0,0,0,0,0,0,0,0,0,0,0,0,0,0,20,18,0,0,17,0,159,25,4,6,0,0,0,7,0,0,0,0,1,1,0,0,0,0,1,1,0,0,0,6,0,0,0,24,0,0,0,1,0,0,0,12,0,0,0,0,0,0,1,0,59,0,0,0,0,0,0,170,39,0,21,0,0,10,0,0,1,0,11,0,0,0,114,0,0,0,0,0,0,0,3,0,0,0,0,0,0,0,0,0,0,0,0,0,0,0,0,0,0,0,0,0,0,0,1,2,145,0,30,0,0,0,0,0,0,0,0,0,0,0,0,0,0,0,0,0,18,0,0,0,0,0,0,0,0,0,0,0,9,0,0,0,0,0,0,0,0,0,0,0,0,0,0,0,0,0,0,0,0,0,0,6,0,0,0,45,3,0,0,0,0,50,0,15,0,0,3,200,0,0,0,0,0,0,0,0,12,0,1,0,0,0,0,0,0,0,0,0,0,0,7,594,24,0,0,0,0,0,0,0,0,0,0,0,0,0,0,0,0,0,0,0,0,0,0,0,0,0,0,0,0,0,0,0,50,0,225,0,0,0,0,0,0,0,0,0,0,0,0,0,0,0,0,0,96,0,0,0,0,0,0,0,0,0,0,0,0,0,16,1422,0,0,0,10,2,0,0,0,0,0,0,0,0,0,0,0,0,0,0,0,0,1,0,0,0,0,3,0,0,0
"cat19",0,0,0,0,0,0,0,0,0,0,0,0,0,0,0,0,0,0,0,0,13,0,0,86,0,0,0,0,0,0,0,0,0,0,0,2,0,0,0,0,0,0,0,0,0,0,0,0,43,22,414,5,0,0,0,0,0,0,0,0,24,0,0,0,0,0,0,0,0,0,0,0,0,0,3,12,4,1,0,0,0,1,0,0,0,0,0,0,0,0,0,0,0,0,0,0,0,0,1,0,0,0,41,0,4,0,0,50,26,33,2,0,0,0,0,20,0,0,0,0,0,0,0,0,0,0,1,0,0,0,1,0,0,0,73,0,0,0,1,0,0,0,10,3,2,0,0,5,0,6,0,14,0,16,0,21,0,0,165,35,0,5,0,0,8,0,0,0,0,12,0,0,0,7,0,0,0,0,0,0,0,2,0,58,0,0,0,0,0,0,0,0,0,0,0,0,0,0,0,0,0,0,0,0,0,0,0,142,0,1,0,0,1,0,0,0,0,0,0,0,0,0,0,0,0,0,0,0,0,0,0,5,0,0,0,0,0,0,0,196,0,0,0,0,475,0,0,0,0,0,0,0,0,0,0,0,0,0,0,0,0,0,0,0,30,10,37,0,0,0,0,0,50,0,0,0,0,0,127,0,0,0,0,0,1,0,0,7,0,1,0,1,0,0,0,0,0,0,0,0,3,0,622,26,0,0,0,0,0,0,0,0,0,0,2,35,0,204,0,0,0,0,0,0,0,0,0,0,0,0,0,0,0,0,0,109,29,553,0,0,0,0,0,0,9,0,0,7,0,0,0,10,0,0,0,14,0,0,0,0,0,0,0,0,0,0,0,0,0,0,17,0,0,0,6,0,0,0,1,0,0,0,0,0,12,0,0,0,0,0,0,0,4,0,0,0,0,0,0,0,0
"cat20",0,0,0,0,0,0,0,0,1,0,0,0,0,0,0,0,0,0,0,0,4,0,0,1,0,0,0,0,0,8,0,0,0,0,0,0,0,0,0,0,0,0,0,0,0,0,0,0,4,1,66,1,0,0,0,0,6,20,0,0,50,0,0,0,0,0,0,0,0,0,0,0,0,0,14,2,1,0,0,0,0,0,0,0,0,0,0,0,0,0,0,0,0,0,0,0,0,0,0,0,0,8,18,0,2,2,41,25,0,2,0,0,0,1,18,0,0,0,0,0,0,0,0,0,0,0,0,0,0,0,0,0,0,0,0,0,0,0,9,0,0,0,0,0,99,0,0,5,0,0,0,0,0,7,0,1,0,0,17,1,0,2,0,0,0,0,0,6,0,1141,0,0,0,0,0,0,0,0,0,0,0,0,0,0,0,0,0,0,0,0,0,0,0,1,0,0,0,0,0,0,0,0,0,0,0,0,0,61,0,0,0,0,0,0,0,8,0,0,0,0,0,0,0,0,0,0,0,0,0,0,0,0,0,0,0,0,0,0,0,0,0,1,1,0,0,0,4,0,0,0,0,0,0,0,0,0,0,0,0,0,0,0,0,0,0,0,6,0,0,0,0,0,22,0,0,0,0,0,37,0,0,0,0,0,0,0,0,0,0,0,0,0,0,0,0,0,0,0,0,0,0,0,1,1,0,0,0,0,0,0,0,0,0,0,0,0,0,0,0,0,0,0,0,0,0,0,0,0,0,0,0,1,1,0,0,10,9,41,0,0,0,0,0,0,0,0,0,0,0,0,0,0,0,0,0,54,0,0,0,0,0,0,0,0,0,0,0,0,0,0,2,0,0,0,0,0,0,0,0,0,0,0,0,0,0,0,0,0,0,0,0,0,0,0,0,0,0,0,0,0,0
"cat34",0,0,0,0,0,0,0,0,17,0,1,0,0,0,0,0,0,0,0,0,0,6,0,0,0,0,0,0,0,0,0,0,0,0,0,1,0,0,0,0,0,0,0,1,0,0,2,0,41,3,19,0,0,0,0,0,0,0,0,0,278,0,0,0,0,0,0,0,0,0,0,0,0,1,2,1,0,0,0,1,0,0,0,0,0,0,0,0,0,0,0,0,0,0,0,4,0,0,1,0,0,0,24,0,0,3,54,1443,0,43,0,0,0,0,5,4,0,1,6,0,0,0,0,0,0,0,0,0,0,0,0,0,0,0,0,0,0,0,0,0,0,0,9,0,0,0,0,5,0,1,0,0,0,35,0,8,0,0,1,0,0,8,0,0,4,0,0,1,0,16,0,0,0,0,0,0,0,0,0,0,0,0,0,0,0,0,0,0,0,0,0,0,0,0,0,0,0,0,0,0,0,0,11,1,0,0,0,919,0,39,0,0,3,0,0,0,0,0,1,0,0,0,0,0,0,0,0,8,0,0,0,0,0,0,0,0,0,0,0,3,0,0,0,0,0,0,1,0,0,0,0,0,0,0,0,0,0,0,0,0,0,0,1,0,0,0,0,1,0,0,0,0,4,0,0,0,0,0,3,0,0,0,0,0,0,0,0,0,0,0,0,0,0,0,0,0,0,0,0,0,0,0,0,0,0,0,0,0,0,0,0,0,0,0,0,0,0,0,0,0,0,0,0,0,0,0,1,0,0,0,0,5,0,0,0,14,0,813,0,0,0,0,0,0,0,0,0,0,0,0,0,0,0,0,0,4,0,0,0,0,0,0,0,0,0,0,0,2,0,287,38,0,0,0,0,0,0,0,0,0,0,0,0,0,0,0,0,0,0,0,0,0,0,0,0,0,0,0,0,0,0
"cat37",0,0,0,0,0,0,0,0,24,0,1,0,0,0,0,0,4,0,0,0,35,0,2,2,0,0,0,0,1,62,0,0,0,0,0,8,0,0,0,0,0,6,0,0,0,0,0,0,45,21,193,3,10,0,0,0,13,28,0,0,335,0,0,0,0,0,0,0,0,0,0,0,0,4,16,2,7,0,0,0,0,0,0,0,0,0,0,0,0,0,0,0,0,0,0,0,0,0,1,6,0,11,183,0,72,55,201,139,5,7,2,1,49,0,141,1,0,0,4,0,0,0,0,0,0,0,0,0,0,0,0,2,0,0,5,0,0,0,54,0,0,0,0,0,141,0,0,16,0,0,0,360,0,158,0,4,0,0,254,1,0,33,0,0,0,0,0,21,1,1644,0,1,0,2,0,0,0,0,1,0,0,1,0,0,0,0,0,0,0,0,0,1,0,0,0,0,0,0,0,0,0,0,14,0,0,6,20,747,0,1,0,0,0,0,0,29,1,0,0,0,0,0,0,0,0,0,0,0,0,0,0,0,0,0,1,0,0,0,0,1,0,0,14,0,0,0,41,0,0,0,0,0,0,0,0,0,0,0,0,0,0,0,15,0,0,0,113,0,0,0,0,0,92,0,0,0,4,0,1329,0,0,0,0,0,2,0,1,0,0,0,0,0,0,0,0,0,1,0,0,0,1,0,1,202,0,0,0,0,0,1,0,0,0,0,0,0,0,0,0,0,0,0,0,0,0,0,0,0,0,0,0,29,2,0,0,131,312,199,0,0,0,1,0,0,0,0,0,0,0,0,0,0,0,0,0,64,0,0,0,0,0,0,0,0,0,0,0,0,0,0,3,0,1,0,0,0,0,0,0,0,0,0,0,0,0,0,0,55,0,0,0,0,0,0,0,0,0,0,0,0,0
"cat38",0,0,0,0,0,7,0,0,2,0,0,0,0,0,0,0,0,0,0,0,12,0,0,22,0,0,0,0,0,0,0,0,0,1,0,3,0,8,0,0,0,0,0,0,0,0,0,0,17,37,3594,9,11,0,0,2,0,11,0,0,163,0,0,0,0,0,0,0,0,0,0,0,0,0,20,16,6,0,0,0,0,0,0,0,0,0,0,0,0,0,0,0,0,2,0,0,0,18,0,1,0,29,18,0,11,1,1,982,34,12,0,0,1,0,216,0,0,0,0,0,0,0,0,0,0,0,193,0,0,0,0,0,0,0,0,9,0,0,374,0,0,0,0,0,0,0,0,1,0,0,0,10,0,0,0,0,0,0,10,0,0,7,0,8,51,0,1,5,0,3,0,0,0,0,0,0,0,0,0,0,0,0,0,0,0,0,0,0,0,0,0,0,0,0,0,0,0,0,0,0,0,0,0,0,0,0,0,816,0,0,0,0,0,0,0,5,1,0,0,0,0,0,0,0,0,0,0,14,0,0,0,0,0,0,2,0,0,0,0,0,0,0,0,0,68,0,0,0,0,0,0,0,0,0,2,0,0,0,0,0,0,0,12,0,0,0,168,0,0,0,0,0,152,0,0,0,0,0,0,0,0,0,0,0,0,3,0,0,0,0,0,0,0,0,0,0,0,0,0,0,1,0,524,14,0,0,0,0,0,0,0,5,1,0,0,0,1,0,0,0,0,0,0,0,0,0,0,0,0,0,0,64,0,0,0,127,79,3020,0,0,0,0,0,0,2,0,0,0,0,0,0,0,0,2,0,0,0,0,0,0,0,0,0,0,0,0,0,0,54,0,0,0,0,0,19,0,0,1,0,0,0,0,0,0,0,0,0,0,0,0,0,0,0,0,0,0,0,3,0,0,0
"cat44",0,0,0,0,0,0,7,0,9,0,0,0,0,0,2,0,0,0,0,0,1,0,0,0,0,0,0,0,0,0,0,0,0,0,0,0,0,0,0,0,0,0,0,0,0,0,1,0,8,24,858,12,0,0,0,0,0,0,0,0,4,0,0,0,0,0,0,0,0,0,0,5,0,0,4,0,5,0,0,0,0,0,0,0,0,0,0,0,0,0,0,0,0,0,0,0,0,1,0,0,1,0,2,0,6,0,1,313,23,115,1,0,0,0,1,0,0,0,0,0,0,0,0,0,0,0,14,0,0,0,0,0,0,0,22,0,0,0,52,0,0,0,23,0,0,0,0,54,0,0,1,49,0,1252,0,24,0,0,22,0,0,6,0,0,5,0,0,6,3,387,0,9,0,0,0,0,0,0,0,0,0,0,0,0,0,0,0,0,0,0,0,0,0,0,0,0,0,0,0,0,0,0,3,0,0,0,0,148,0,3,0,0,0,0,0,0,0,1,0,0,0,0,0,0,0,0,2,0,0,0,0,1,0,0,0,0,0,0,0,24,0,1,18,0,0,0,0,0,0,0,0,0,0,0,0,0,0,0,0,0,0,0,1,0,0,0,4,0,0,0,0,0,13,0,0,0,0,0,265,0,0,0,0,0,0,18,1,440,0,0,0,0,0,0,0,0,5,0,0,1,5,224,57,4,0,0,0,1,5,0,0,0,0,0,1,0,0,0,0,0,0,0,0,0,0,0,1,0,0,0,0,0,0,0,0,8,0,20,0,0,0,0,0,0,0,0,0,13,0,0,0,0,0,0,0,153,0,0,0,0,0,0,0,0,0,0,0,0,0,0,120,0,0,0,6,0,0,0,0,0,0,0,0,0,0,0,0,0,0,0,0,0,0,0,0,0,0,5,0,0,0
"cat46",0,0,0,0,0,0,0,0,19,0,5,0,0,0,0,0,0,0,0,0,0,0,0,2,0,0,0,0,0,96,0,0,0,0,0,6,0,0,0,0,0,0,0,0,0,0,0,0,2,3,133,2,0,0,0,0,40,1,0,0,128,0,0,0,0,0,0,0,0,0,0,0,0,0,5,0,48,0,0,0,0,0,0,0,0,0,0,0,0,0,0,0,0,0,0,0,0,0,1,1,0,12,12,4,36,1,28,177,0,64,0,0,0,0,21,0,0,0,0,0,0,0,0,0,0,0,0,0,0,0,0,0,0,0,0,0,0,0,2,0,0,0,0,0,135,0,0,2,0,0,0,0,0,0,0,0,0,0,256,5,0,4,0,0,2,0,0,22,3,910,0,0,0,1,0,0,0,0,0,0,0,0,0,0,0,0,0,0,0,0,0,0,0,0,0,0,0,0,1,0,0,0,0,0,0,1,0,147,0,3,0,0,0,0,0,20,0,0,0,0,0,0,0,0,0,0,0,0,0,0,0,0,0,0,0,2,0,0,0,0,0,1,0,0,0,0,60,0,0,0,0,0,0,0,0,0,0,0,0,0,0,0,0,0,0,0,18,0,0,0,0,0,15,0,0,0,0,0,224,0,0,0,0,0,0,0,0,0,0,0,0,0,0,0,0,0,0,0,0,0,0,0,0,0,0,0,0,0,0,0,0,0,0,0,0,0,0,0,0,0,0,0,0,0,0,0,0,0,0,0,0,3,1,0,0,10,155,15,0,0,0,0,0,0,0,0,0,1,0,0,0,0,0,0,0,240,0,0,0,0,0,0,0,0,0,0,0,0,0,0,10,0,0,0,0,0,0,0,0,0,0,0,0,0,0,0,0,0,0,0,1,0,0,1,0,0,0,1,0,0,0
"pa10t1",1,7,3,2,2,33,393,3,106,1,22,0,2,16,14,20,202,6,1,0,1142,4,7,316,11,0,1,0,11,678,0,1,18,2,36,120,50,0,0,1,0,25,1,115,4,25,35,4,1325,1396,23379,592,141,0,19,13,279,122,0,45,4473,0,1,0,0,1,3,11,6,13,2,75,2,42,330,59,93,0,0,5,2,3,0,0,209,30,0,0,0,0,0,0,1,1,0,9,4,26,12,39,87,58,2216,7,324,758,1447,3749,477,725,1305,22,176,118,979,172,0,2,174,0,39,2,0,4,0,1,121,0,2,0,19,7,0,0,485,103,0,2,1934,0,2,0,239,3,6,9,29,420,10,835,1,2315,1,4415,0,90,0,2,10780,240,206,516,33,6,217,0,16,251,8,2750,3,18,79,524,1,9,0,2,3,0,0,58,43,147,0,0,0,0,1,0,21,5,0,0,0,0,1,0,0,0,0,0,533,20,1,8,290,14950,6,217,36,0,6,0,0,2,2,0,0,0,5,0,0,0,0,1,0,1862,19,1,0,29,6,1,4,4,0,0,96,469,2,20,62,0,847,0,15,68,0,0,1,11,1,0,0,0,0,0,1,3,3,36,255,4,67,12,1108,7,0,0,0,4,1102,0,20,0,115,272,2454,0,1,1,2,9,16,610,18,572,0,31,0,0,3,0,0,0,0,2,0,0,431,1492,19405,2883,1,6,15,66,0,1,0,10,14,1,118,43,2,185,331,0,0,3,0,9,6,5,4,0,3,6,16,2099,3,3,1,4249,1710,6480,3,0,0,0,24,0,20,0,12,8,0,2,0,65,638,0,0,192,0,0,4,2,1,18,133,0,1,1,1,583,52,9,1812,0,14,0,618,81,1,4,0,0,2,0,0,1,3,0,0,27,1,5,29,2,20,11,0,0,0,559,7,0,0
"pa10t12",0,0,0,0,0,4,21,0,84,0,4,0,0,0,0,0,7,0,0,0,125,6,3,102,0,0,0,0,2,80,2,0,0,0,2,2,0,0,0,0,0,5,0,3,0,0,3,0,92,104,2622,29,57,1,0,0,1,5,0,0,327,1,0,0,0,0,0,0,0,0,0,1,0,3,24,20,0,0,0,1,0,0,0,0,1,0,0,0,10,0,0,1,0,0,0,0,0,6,1,0,0,35,144,10,19,52,21,139,17,355,403,4,36,0,114,16,0,0,11,0,0,0,0,0,0,0,6,0,0,0,0,17,0,0,20,0,0,0,445,0,0,0,18,0,0,0,1,19,0,1,0,650,0,331,1,7,0,0,784,8,0,29,0,1,19,0,1,22,2,501,0,2,0,145,0,1,0,0,0,0,0,31,5,2,0,0,0,0,0,0,4,2,0,0,0,0,0,0,0,0,0,0,20,0,0,0,25,1613,0,13,0,0,0,0,1,20,1,0,0,0,0,0,0,0,0,0,0,0,0,0,0,0,0,0,0,0,1,0,0,89,1,133,0,0,3,0,0,0,0,0,0,0,7,0,0,0,0,0,0,0,0,0,137,0,0,0,287,4,0,0,0,0,82,0,0,0,3,1,621,0,0,0,0,0,2,0,0,159,0,0,0,0,0,0,0,0,6,0,0,0,10,1,1277,288,0,0,0,0,0,0,0,13,0,0,0,0,0,1,2,0,0,0,0,0,0,0,0,0,0,1,0,327,0,0,0,370,298,1581,0,0,0,0,0,0,0,0,0,0,0,1,0,0,0,0,0,98,0,0,0,8,0,0,0,0,0,0,0,0,0,1,260,0,0,0,102,0,0,0,0,0,0,0,0,0,0,0,0,5,0,0,0,0,0,0,0,0,0,35,0,0,0
"pa10t18",0,1,0,0,0,54,85,0,11,0,11,0,0,0,0,0,0,0,0,0,82,2,0,0,0,0,0,0,0,76,0,0,0,0,0,1,0,0,0,0,0,0,0,0,0,1,2,0,36,195,3872,21,0,0,1,1,0,5,0,0,148,0,3,0,0,0,0,0,0,0,0,5,2,11,1,14,0,0,0,0,0,0,0,0,0,0,0,0,0,0,0,0,0,3,0,0,0,0,1,0,0,0,25,0,5,12,34,707,5,40,0,4,0,0,20,0,0,4,250,0,26,0,0,9,0,0,28,0,0,0,0,0,0,0,7,12,0,0,115,0,1,0,43,0,1,0,5,35,0,52,0,103,0,360,0,7,0,0,7,0,213,90,4,1,17,0,0,2,0,69,0,1,0,0,0,0,0,0,0,0,0,0,0,0,0,0,0,1,0,0,0,0,0,0,0,0,0,0,0,0,0,0,38,0,0,0,4,1541,0,5,0,1,0,0,0,0,0,0,0,0,0,0,0,0,0,0,0,280,31,0,0,6,0,0,0,0,0,0,0,0,1,0,0,0,0,0,0,0,0,0,0,0,0,0,0,0,0,0,0,0,0,4,2,0,0,0,16,0,0,1,0,3,127,0,0,0,35,0,0,0,0,0,0,0,0,14,1,0,0,11,0,0,0,0,0,0,0,0,0,0,1,2,1,2,0,0,3,3,0,1,0,0,2,0,14,0,0,0,0,0,0,0,0,11,0,0,0,1,0,0,1,44,5,0,0,79,951,60,0,0,0,0,0,0,0,0,0,0,0,0,0,0,0,0,0,0,0,0,0,1,0,0,9,0,0,0,0,265,5,24,130,0,0,0,0,1,0,0,0,0,0,0,0,0,0,0,1,0,0,16,3,0,2,0,0,0,0,65,0,0,0
"pa10t19",72,1,3,0,0,0,36,2,182,0,9,0,0,4,1,73,268,0,0,0,200,0,2,74,0,0,0,1,4,384,0,2,17,1,10,27,0,0,0,0,0,0,0,0,0,4,8,0,416,640,13008,138,4,0,0,20,35,47,0,0,777,0,0,0,0,0,0,0,0,0,0,10,0,17,44,37,49,0,0,1,0,2,0,0,0,29,0,0,0,0,0,0,0,0,0,0,0,0,2,10,2,20,413,3,114,58,3058,1864,146,67,154,2,10,365,164,19,0,4,214,0,1,0,0,0,0,0,20,0,0,0,0,6,1,0,108,0,0,0,316,0,0,0,74,0,11,0,11,159,1,55,0,422,0,2076,6,33,0,1,2266,51,54,185,1,0,81,0,9,76,10,1229,0,7,3,436,0,0,1,0,0,1,0,44,30,1,0,0,0,0,1,0,6,1,0,0,0,0,0,0,0,0,0,0,59,0,0,19,99,3933,0,34,9,0,1,0,0,40,0,0,0,0,0,0,0,0,0,0,0,5,14,0,0,1,3,0,0,0,0,0,0,175,0,36,30,19,5,0,0,0,0,4,0,4,0,0,0,0,0,0,0,0,0,0,45,0,10,0,382,0,0,0,0,2,400,0,13,0,42,51,1422,0,0,0,0,0,0,17,1,235,0,9,0,0,0,0,0,0,10,0,1,0,29,1278,912,519,0,0,1,67,0,0,0,10,1,0,3,0,0,0,33,0,0,0,0,0,0,0,0,0,0,0,8,434,1,0,0,1201,928,3415,1,0,0,0,0,0,0,0,1,6,0,1,0,17,0,0,0,140,0,0,0,0,0,4,0,0,0,0,0,13,0,2,330,0,8,0,49,4,0,0,0,0,0,0,0,0,0,0,0,5,0,0,18,6,2,1,0,0,0,146,0,0,0
"pa2t2",0,0,0,0,0,0,25,0,20,0,1,0,0,0,0,15,0,1,0,0,3,0,0,19,0,0,0,0,0,0,0,0,0,1,0,1,0,0,0,0,0,0,0,0,0,0,1,0,12,35,2887,9,2,0,0,0,0,7,0,0,52,0,0,0,0,0,0,0,0,0,0,0,0,0,2,0,4,0,0,0,0,0,0,0,0,0,0,0,0,0,0,0,0,0,0,0,0,5,0,0,0,11,15,0,3,6,5,469,14,7,0,1,22,0,17,0,0,0,0,0,0,0,0,0,0,0,0,0,0,0,4,9,0,0,1,1,0,0,118,0,0,0,0,0,2,0,0,16,0,20,0,1,0,1047,0,0,0,0,16,0,0,12,0,0,0,0,0,0,1,34,0,7,0,61,0,0,0,0,0,0,0,0,31,0,0,0,0,0,0,0,0,1,0,0,0,0,0,0,0,0,0,0,0,0,2,0,1,1006,0,7,1,0,2,0,0,20,0,0,0,0,0,0,0,0,0,0,1,4,1,0,0,0,0,0,0,0,0,0,3,27,0,1,1,0,3,0,1,0,0,0,1,0,0,0,0,0,0,0,0,0,0,0,0,0,0,0,15,0,0,0,0,4,22,0,0,0,0,0,17,0,0,0,0,0,0,12,0,1,0,0,0,0,0,0,0,0,0,0,0,0,1,59,179,5,0,0,0,0,0,0,0,0,3,0,44,0,0,0,0,0,0,0,0,0,0,0,0,0,0,0,0,24,1,0,0,75,13,142,0,0,0,0,0,0,0,0,0,3,0,5,0,0,0,0,0,4,0,0,0,0,0,0,0,0,0,0,0,1,1,7,532,0,0,0,9,0,0,0,0,0,1,0,0,0,0,0,0,0,0,0,0,0,0,0,0,0,0,17,0,0,0
"pa2t41",0,0,0,0,0,8,81,0,0,0,0,0,0,0,0,0,16,0,0,0,67,0,1,24,0,0,0,0,0,230,0,0,0,0,4,0,0,0,0,0,0,0,0,0,0,2,0,0,36,105,4976,25,12,0,0,0,0,29,0,0,40,0,0,0,0,0,0,0,0,0,0,6,0,14,9,9,185,0,3,2,0,0,0,0,0,26,0,0,0,0,0,8,0,2,0,9,0,6,0,1,0,7,14,0,16,72,22,494,46,18,114,1,6,0,37,4,0,0,1,0,2,1,0,0,0,1,69,0,0,0,0,0,0,0,34,0,0,0,87,0,0,0,36,0,31,0,0,46,2,4,1,37,0,594,0,1,0,0,24,56,0,16,1,2,14,0,5,34,5,1236,0,3,0,219,0,0,0,0,1,0,0,63,579,0,0,0,0,0,0,0,0,0,0,0,0,0,0,0,1,0,0,0,91,0,0,126,1,385,0,3,6,0,0,0,0,3,0,0,0,1,0,0,0,0,0,0,0,4,2,0,0,1,0,0,0,0,0,0,0,4,2,1,0,0,3,0,10,0,1,0,0,0,0,0,0,0,0,0,0,0,0,1,21,0,1,0,52,0,0,0,0,1,103,0,2,3,0,2,442,7,0,0,0,0,1,0,0,450,0,1,0,0,0,0,0,0,0,0,0,0,6,49,826,17,0,0,2,4,0,0,0,0,1,0,15,0,0,0,65,0,1,0,0,0,1,0,0,0,0,0,1,4,0,0,0,138,5,517,0,0,0,0,0,0,0,0,0,3,0,12,1,0,0,0,0,141,0,0,0,1,0,0,0,0,0,0,0,0,2,2,16,0,0,0,1,1,0,0,0,0,0,0,0,0,0,0,0,0,0,0,0,0,1,0,0,0,0,49,0,0,0
"pa2t42",0,0,0,0,0,0,1,8,10,0,0,0,0,0,0,0,9,0,0,0,45,0,8,3,0,0,0,0,0,1,0,4,0,9,0,6,0,0,0,3,0,2,0,0,0,0,1,0,119,126,1508,30,7,0,0,13,105,2,0,0,631,0,0,0,0,0,0,0,0,0,0,0,0,6,11,7,1,0,0,2,0,0,0,0,1,0,0,0,0,0,0,0,0,0,0,0,0,0,3,0,0,23,129,5,9,66,7,157,3,167,430,0,1,1,136,17,0,0,1,0,0,0,0,0,0,0,0,0,0,0,0,0,0,0,3,0,0,0,503,0,0,0,6,0,5,0,4,4,0,0,0,1665,0,47,0,2,0,0,790,0,0,54,0,0,9,0,0,1,0,63,0,0,0,2,0,2,0,0,0,0,0,0,4,17,0,0,0,0,0,0,0,0,0,0,0,0,0,0,0,0,0,0,3,0,0,0,91,3393,0,9,11,0,0,0,0,1,0,0,4,0,0,0,0,0,0,0,0,0,2,0,0,0,0,0,0,0,0,0,0,2,0,0,0,0,0,0,0,0,0,0,0,0,1,0,0,0,0,0,0,0,0,0,11,0,0,0,35,0,0,0,0,0,58,0,0,0,17,18,29,1,0,0,0,0,0,5,3,0,0,0,0,0,0,0,0,0,0,0,0,0,20,13,132,16,0,0,1,0,0,1,0,0,0,0,0,0,0,0,0,1,0,0,0,0,0,0,0,0,0,1,2,231,0,0,0,367,452,1217,0,0,0,0,0,0,0,0,1,0,0,0,0,0,0,0,0,1,0,0,0,0,0,0,0,0,0,0,0,1,0,0,465,0,4,0,4,0,0,1,0,0,0,0,0,0,0,0,0,6,0,0,0,0,2,0,0,0,0,0,0,0,1
"pa2t43",0,8,0,2,0,19,167,1,43,0,6,3,0,0,4,33,208,4,0,1,263,0,1,24,6,1,1,0,2,12,0,7,0,1,16,9,0,1,1,0,0,4,0,1,0,3,10,1,368,303,7080,137,49,1,4,5,178,51,0,0,1591,0,0,0,1,0,0,0,0,3,8,34,5,18,82,34,9,0,0,3,0,18,1,1,0,0,0,0,18,0,0,0,0,2,0,1,0,30,9,4,0,39,454,0,39,105,30,2442,99,374,184,12,28,3,145,21,0,0,7,0,9,0,0,0,0,1,127,1,0,0,0,6,0,0,227,114,0,0,1259,2,0,0,80,2,8,4,7,133,12,2083,0,1100,0,1813,0,3,0,0,2179,7,7,212,7,19,61,0,9,14,1,516,0,15,0,54,0,1,0,0,1,0,1,19,66,0,0,0,0,0,0,0,3,6,0,0,0,0,0,0,5,2,0,0,299,98,0,4,88,14540,4,201,65,0,1,0,2,0,0,0,3,0,2,0,0,2,0,0,0,64,11,1,2,11,1,0,0,2,0,0,0,27,2,144,22,0,0,0,5,0,0,0,0,0,0,1,0,0,0,2,0,0,1,9,132,0,0,0,310,0,0,0,0,4,167,1,1,1,9,27,130,8,0,0,0,2,2,2,6,110,0,22,5,0,4,1,0,1,22,1,0,0,13,70,949,426,0,0,10,5,0,4,0,0,28,1,63,1,0,4,221,0,0,0,1,8,3,0,3,0,0,0,9,1025,4,0,0,1274,1128,2696,0,0,0,0,1,1,9,0,0,2,0,26,0,0,0,0,0,48,0,4,2,10,0,4,2,1,0,0,0,6,51,5,2162,2,6,2,62,79,0,2,0,0,1,0,0,0,0,0,0,12,0,0,0,6,5,1,0,0,0,421,0,0,0
"pa2t46",0,0,0,0,0,0,0,0,10,0,1,0,0,0,0,0,0,0,0,0,5,0,0,18,0,0,0,0,0,12,0,0,0,0,0,0,0,0,0,13,0,0,0,0,0,0,1,0,4,14,508,1,0,0,0,1,1,74,0,0,158,0,0,0,0,0,0,0,0,0,0,1,0,0,44,6,19,0,0,2,2,0,0,0,0,0,0,0,0,0,0,0,0,0,0,0,0,22,0,1,0,4,87,0,7,8,57,230,162,7,0,0,0,0,61,0,0,0,0,0,0,0,0,0,0,0,0,0,0,0,0,0,0,0,0,0,0,0,167,0,0,0,0,0,35,0,0,1,0,0,0,1,0,3,0,9,0,0,63,0,0,1,0,0,2,0,0,16,6,1099,0,0,0,0,0,0,0,0,0,0,0,0,0,0,0,0,0,0,0,0,0,2,0,3,0,0,0,0,0,0,0,0,0,0,0,0,0,507,0,1,0,0,1,0,0,15,0,0,0,0,0,0,0,0,0,0,0,0,0,0,0,0,0,0,0,0,0,0,1,0,0,0,2,0,4,0,0,0,0,0,0,0,0,0,0,0,0,0,0,0,0,0,5,0,0,1,22,0,0,0,0,0,84,0,0,0,0,1,228,0,0,0,0,0,0,85,0,0,0,0,0,0,0,0,1,0,0,0,0,0,3,0,2,1,0,0,0,0,0,0,0,0,0,0,0,0,0,0,0,0,0,0,0,0,0,0,0,0,0,0,0,2,2,0,0,66,17,557,0,0,0,0,0,0,0,0,0,0,0,0,0,0,0,0,0,5,0,0,1,0,0,0,0,0,0,0,0,1,18,0,5,0,2,0,0,0,0,0,0,0,0,0,0,0,1,0,0,0,0,0,0,0,0,0,0,0,0,2,0,0,0
"pa2t6",0,0,0,0,0,0,0,0,0,0,0,0,0,0,0,0,0,0,0,0,4,0,0,77,0,0,0,0,0,0,0,0,0,0,0,0,0,0,0,0,0,0,0,0,0,0,1,0,53,8,150,5,0,0,0,0,0,5,0,0,14,0,0,0,0,0,0,0,0,0,0,0,0,0,0,6,18,0,0,0,0,0,0,0,0,0,0,0,0,0,0,0,0,0,0,0,0,1,0,0,0,0,110,0,0,0,3,60,30,11,9,0,0,0,11,0,0,0,0,0,0,0,0,0,0,0,1,0,0,0,0,0,0,0,44,0,0,0,50,0,0,0,0,0,1,0,0,0,0,0,1,0,0,1,0,0,0,0,0,96,0,2,0,0,5,0,0,8,3,292,0,0,0,0,0,0,0,0,0,0,0,0,0,46,0,0,0,0,0,0,0,0,0,0,0,0,0,0,0,0,0,0,0,0,0,0,0,17,0,0,0,0,0,0,0,0,0,0,0,0,0,0,0,0,0,0,0,0,0,0,0,0,0,0,0,0,0,0,0,29,0,49,0,0,0,0,0,0,0,0,0,0,0,0,0,0,0,0,0,0,0,0,0,0,16,0,8,0,0,0,0,0,2,0,0,0,0,0,431,0,0,0,0,0,0,0,0,4,0,0,0,0,0,0,0,0,0,0,0,0,2,12,1740,41,0,0,0,0,0,0,0,0,0,0,0,0,0,0,0,0,0,0,0,0,0,0,0,0,0,0,0,0,0,0,0,17,1,3,0,0,0,0,0,0,5,0,0,16,0,0,0,1,0,0,0,103,0,0,0,0,0,0,0,0,0,0,0,0,0,0,0,0,0,0,0,0,0,0,0,0,0,0,0,0,0,0,0,0,0,0,0,0,3,0,0,0,0,0,0,0,0
"stc11",0,0,0,0,0,0,0,1,0,0,0,0,0,0,0,0,0,0,0,0,62,1,0,0,0,0,0,0,0,1,0,0,0,1,0,4,0,0,0,0,0,0,0,0,0,0,0,0,34,35,402,1,0,0,0,3,4,0,0,0,72,0,0,0,0,0,0,0,0,0,0,0,0,0,1,7,0,0,0,0,0,0,0,0,0,0,0,0,0,0,0,0,0,0,0,0,0,0,0,0,0,1,12,2,0,2,2,77,7,2,71,0,0,2,6,0,0,0,0,0,0,0,0,0,0,0,0,0,0,0,0,0,0,0,5,0,0,0,141,0,0,0,3,0,1,0,0,13,0,3,0,2,0,471,0,0,0,0,374,0,0,9,0,0,1,0,0,0,0,11,0,0,0,0,0,0,0,0,0,0,0,0,1,1,0,0,0,0,0,0,1,0,0,0,0,0,0,0,0,0,0,0,0,0,0,0,0,772,0,2,0,0,0,0,0,0,0,0,0,0,0,0,0,0,0,0,0,11,0,0,0,0,0,0,0,0,0,0,0,0,0,0,0,0,0,0,0,0,0,0,0,0,0,0,0,0,0,0,0,0,0,0,1,0,0,0,45,0,0,0,0,0,33,0,0,0,74,5,7,0,0,0,0,0,0,0,0,0,0,0,0,0,0,0,0,0,0,0,0,0,8,6,47,2,0,0,0,1,0,0,0,0,0,0,0,0,0,0,0,0,0,0,0,0,0,0,0,0,0,0,0,150,0,0,0,31,0,169,0,0,0,0,0,0,0,0,0,0,0,0,0,0,0,0,0,2,0,0,0,0,0,0,0,0,0,0,0,0,0,0,8,0,0,0,0,0,0,0,0,0,0,0,1,0,0,0,0,0,0,0,0,0,0,0,0,0,0,0,0,0,0
"stc15",0,1,0,0,0,0,0,0,6,0,1,0,0,0,0,0,0,0,0,0,1,0,0,0,0,0,0,0,0,37,0,0,0,0,0,2,0,0,0,0,0,0,0,0,0,0,0,0,3,3,76,3,0,0,0,0,37,2,0,0,73,0,0,0,0,0,0,0,0,0,0,0,0,0,6,1,43,0,0,0,0,0,0,0,0,0,0,0,0,0,0,0,0,0,0,0,0,0,0,0,0,17,8,0,13,0,7,135,0,63,0,0,0,0,14,0,0,0,0,0,0,0,0,0,0,0,0,0,0,0,0,0,0,0,0,0,0,0,4,0,0,0,0,0,175,0,0,0,0,0,0,0,0,0,0,0,0,0,129,2,0,1,0,0,0,0,0,2,1,551,0,0,0,0,0,0,0,0,0,0,0,0,0,0,0,0,0,0,0,0,0,0,0,0,0,0,0,0,0,0,0,0,0,0,0,1,0,92,0,1,0,0,0,0,0,6,0,0,0,0,0,0,0,0,0,0,0,0,0,0,0,0,0,0,0,0,0,0,0,0,0,0,1,0,0,0,47,0,0,0,0,0,0,1,0,0,0,0,0,0,0,0,2,0,0,0,19,0,0,0,0,0,10,0,0,0,0,0,59,0,0,0,0,0,0,0,0,0,0,0,0,0,0,0,0,0,0,0,0,0,0,0,0,0,0,0,0,0,0,0,0,0,0,0,0,0,0,0,0,0,0,0,0,0,0,0,0,0,0,0,0,2,0,0,0,5,64,9,0,0,0,0,0,0,0,0,0,0,0,0,0,0,0,0,0,249,0,0,0,0,0,0,0,0,0,0,0,0,0,0,0,0,0,0,0,0,0,0,0,0,0,0,0,0,0,0,0,0,0,0,0,0,0,1,0,0,0,0,0,0,0
"stc3",0,0,0,0,0,0,5,0,42,0,2,0,0,0,0,0,0,0,0,0,0,0,0,0,0,0,0,0,0,0,0,0,0,0,0,0,0,0,0,20,0,0,0,0,0,0,0,0,10,26,745,6,6,0,0,0,0,4,0,0,33,0,0,0,0,0,0,0,0,0,0,0,0,0,6,0,149,0,0,0,0,0,0,0,0,0,0,0,0,0,0,0,0,0,0,0,0,0,0,0,0,2,12,0,0,0,43,8,6,9,15,0,0,0,0,3,0,0,0,0,2,0,0,0,0,0,4,0,0,0,0,0,0,0,12,0,0,0,23,0,0,0,1,0,0,0,0,2,0,0,1,5,0,43,0,0,0,0,21,0,0,2,0,0,4,0,0,31,2,510,0,0,0,71,0,0,0,0,0,0,0,0,0,0,0,0,0,0,0,0,0,3,0,0,0,0,0,0,0,0,0,0,0,0,0,0,1,40,0,1,0,0,0,0,0,0,0,0,0,0,0,0,0,0,0,0,0,3,0,0,0,7,0,0,0,0,0,0,0,0,0,0,70,0,0,0,10,0,0,0,0,0,0,0,0,0,0,0,0,0,0,0,0,0,0,0,6,0,0,0,0,0,1,0,0,0,0,0,189,0,0,0,0,0,16,0,0,138,0,0,0,0,0,0,0,0,0,0,0,0,0,23,0,0,0,0,0,0,0,0,0,0,0,0,0,0,0,0,0,0,0,0,0,0,0,0,0,0,0,0,0,1,0,0,0,24,0,55,0,0,0,0,0,0,0,0,0,0,0,0,0,0,1,0,0,70,0,0,0,0,0,0,0,0,0,0,0,0,2,0,1,0,0,0,0,0,0,0,0,0,0,0,0,0,0,0,0,0,0,0,0,0,0,0,0,0,0,1,0,0,0
"stc6",0,0,0,0,0,0,0,0,16,0,3,0,0,0,0,0,0,0,0,0,0,0,0,0,0,0,0,0,0,23,0,0,0,0,0,0,0,0,0,0,0,0,0,0,0,0,0,0,10,2,19,0,0,0,0,1,48,1,0,0,297,0,0,0,0,0,0,0,0,0,0,0,0,0,6,0,0,0,0,0,0,0,0,0,0,0,0,0,0,0,0,0,0,0,0,0,0,0,0,0,0,3,17,0,0,0,0,410,7,64,0,0,0,4,0,20,0,0,1,0,0,0,0,0,0,0,0,0,0,0,0,0,0,0,8,0,0,0,809,0,0,0,38,0,1,0,0,3,0,0,0,6,0,73,0,0,0,0,12,0,0,3,0,0,6,0,0,1,0,30,0,0,0,12,0,0,0,0,0,0,0,0,0,0,0,0,0,0,0,0,0,0,0,0,0,0,0,0,0,0,0,0,0,0,0,0,0,623,0,1,0,0,7,0,0,0,0,0,0,0,0,0,0,0,0,0,0,6,0,0,0,0,0,0,0,0,0,0,1,12,0,0,0,0,1,0,0,0,0,0,0,0,0,0,0,0,0,0,0,0,0,0,0,0,0,0,1,0,0,0,0,0,8,0,1,0,0,0,17,0,0,0,0,0,0,9,0,2,0,0,0,0,0,0,0,0,0,0,0,0,0,3,2,0,0,0,0,0,0,0,0,0,0,0,0,0,0,0,0,0,0,0,0,0,0,0,0,0,0,0,4,54,0,0,0,2,0,753,0,0,0,0,0,0,0,0,0,0,0,0,0,2,0,0,0,52,0,0,0,0,0,0,0,0,0,0,0,0,0,0,17,0,0,0,0,0,0,0,0,0,0,0,0,0,0,0,0,0,0,0,12,0,0,0,0,0,0,0,0,0,0
"stc8",0,0,0,0,0,0,8,1,6,0,0,0,0,0,17,0,0,0,0,0,56,0,0,0,0,0,0,0,1,0,0,0,0,1,1,1,0,0,0,0,0,2,0,0,0,0,2,0,67,87,1555,11,16,0,1,0,17,12,0,0,175,0,0,0,0,0,0,0,0,0,1,0,0,2,42,1,0,0,0,0,0,0,0,0,0,0,0,0,0,0,0,0,0,0,0,0,0,0,1,1,0,16,176,0,8,28,41,1019,13,22,17,0,0,1,485,11,0,0,0,0,0,0,0,0,0,0,3,0,0,0,0,1,0,0,55,0,0,0,218,0,0,0,48,0,11,0,0,0,0,0,0,340,0,2,1,3,0,0,688,0,0,81,0,0,19,0,0,0,0,0,0,1,0,272,0,0,0,0,1,0,0,32,9,0,0,0,0,0,0,0,0,0,0,0,0,0,0,0,0,0,0,0,0,0,0,0,6,1932,0,3,0,0,1,0,0,0,0,0,0,0,0,0,0,0,0,0,0,1,0,0,0,0,0,0,0,0,0,0,0,0,0,0,0,0,0,0,0,0,0,0,0,0,0,0,0,0,0,0,0,0,0,3,14,0,0,0,22,0,0,0,0,0,20,0,0,0,33,5,85,1,0,0,0,0,0,0,0,1,0,1,0,0,0,0,0,0,0,0,0,0,3,0,2,0,0,0,0,0,0,0,0,0,0,0,0,0,0,0,2,0,0,0,0,0,0,0,0,0,0,1,7,165,0,0,0,336,305,1051,0,0,0,0,0,0,0,0,0,0,0,0,0,0,0,0,0,0,0,0,0,0,0,0,0,0,0,1,0,0,0,0,9,0,0,0,202,0,0,0,0,0,0,0,0,0,0,0,0,0,0,0,0,0,0,0,0,0,0,4,0,0,0
"stp1",0,6,0,0,0,48,570,7,432,2,60,0,0,0,244,160,320,6,11,0,694,15,7,563,48,3,0,0,4,414,0,1,0,5,12,59,13,4,0,16,1,15,0,51,1,4,51,1,944,1673,23295,246,53,0,8,13,191,178,1,4,2863,0,0,1,0,0,0,2,0,7,3,64,4,105,203,173,1012,2,5,11,4,2,1,0,1,172,1,1,0,2,1,0,0,6,1,44,8,19,15,20,5,145,946,6,264,705,1456,5039,558,1272,2146,17,250,19,773,223,7,0,25,0,13,0,0,0,1,5,152,5,0,1,32,32,0,2,427,198,1,0,4245,0,3,0,441,1,160,3,75,345,6,808,2,5522,3,4868,4,48,1,1,4058,340,14,747,39,9,206,1,10,411,86,9382,0,28,0,2130,0,5,3,0,6,0,0,648,173,5,1,1,6,0,1,1,4,9,2,0,3,1,0,0,6,0,2,1,173,1,3,493,99,17129,14,393,119,5,7,1,0,148,1,2,19,0,0,0,1,0,3,0,3,173,9,0,0,11,1,1,5,0,0,2,20,399,7,1253,65,3,214,1,84,105,0,0,0,0,13,2,2,13,2,0,0,0,1,42,834,0,35,0,1027,1,1,0,1,8,907,12,75,0,17,63,2893,6,0,5,1,2,4,180,16,1250,0,23,1,0,2,0,2,0,7,1,0,2,93,1835,4264,967,0,0,12,26,17,7,2,4,81,0,384,0,1,5,356,1,0,0,0,3,2,0,11,0,8,2,16,2583,10,4,5,4174,3482,11427,0,5,1,0,0,0,54,1,9,101,1,62,0,93,0,1,0,688,7,0,6,20,3,5,3,0,0,0,0,12,64,32,7876,0,17,0,633,22,12,0,0,3,3,1,0,0,3,3,0,22,0,0,9,20,25,11,1,1,1,492,0,2,0
"swc10",0,0,0,0,0,0,11,0,2,0,1,0,0,0,0,0,1,0,0,0,20,0,0,6,0,0,0,0,0,2,0,0,0,0,0,0,1,1,0,0,0,0,0,0,0,0,0,0,6,30,2961,9,5,0,0,0,1,2,0,0,90,0,0,0,0,0,0,1,0,0,0,0,0,0,5,0,0,0,0,0,0,0,0,0,22,0,0,0,0,0,0,0,0,0,0,0,0,1,0,0,1,3,21,0,0,0,6,285,14,2,0,0,61,0,15,0,0,0,0,0,0,0,0,0,0,0,1,0,0,0,0,1,0,0,18,0,0,0,65,0,0,0,0,0,0,2,0,28,0,1,0,3,0,1321,0,0,0,0,17,0,14,9,1,0,0,0,0,7,0,34,0,0,0,17,0,0,0,0,0,0,0,1,9,0,0,0,0,0,0,0,0,2,0,0,0,0,0,0,0,0,0,0,0,0,0,0,2,872,0,0,0,1,0,0,0,0,0,0,0,0,0,0,0,0,0,0,0,9,1,0,0,0,3,0,0,0,0,0,17,4,0,0,0,0,18,0,0,0,0,0,0,0,1,0,0,0,0,0,0,0,0,0,3,0,0,0,13,0,0,0,0,0,22,0,0,0,1,2,8,0,0,0,0,0,0,11,0,1,0,0,0,0,0,0,0,0,0,0,0,0,5,86,654,47,0,0,0,0,0,0,0,2,2,0,27,0,0,0,0,0,0,0,0,0,0,0,0,0,0,0,0,88,0,0,0,84,35,140,1,0,0,0,0,0,1,0,0,0,0,2,0,0,0,0,0,0,0,0,0,0,0,0,0,0,0,0,0,7,2,0,47,0,0,0,27,0,0,0,0,0,1,0,0,0,0,0,0,0,0,0,0,0,0,0,0,0,0,22,1,0,0
"swc11",0,0,0,0,0,4,9,0,2,0,0,0,0,0,0,0,0,0,0,0,1,0,0,0,0,0,0,0,2,0,0,0,0,1,0,0,0,0,0,0,2,0,0,0,0,0,0,0,8,9,353,0,0,0,1,0,55,0,0,0,479,0,0,0,0,0,0,0,0,0,0,0,0,33,35,0,0,0,0,0,0,0,0,0,2,0,0,0,0,0,0,0,0,4,0,0,0,0,0,1,0,0,62,0,15,42,0,138,3,12,9,0,0,2,66,2,0,0,1,0,3,0,0,0,0,0,9,0,0,0,0,0,0,0,75,2,0,0,184,0,0,0,27,0,0,0,0,1,0,1,0,273,0,51,0,0,0,0,980,0,4,3,0,0,11,0,0,0,0,0,0,0,0,0,0,0,0,0,0,0,0,0,28,4,0,0,0,0,0,0,0,0,0,0,0,0,0,0,0,0,0,0,0,0,0,0,31,868,0,2,0,0,0,0,0,0,0,0,0,0,0,0,0,0,0,0,0,0,0,0,0,0,0,0,0,0,0,0,0,1,0,2,0,0,0,0,0,0,0,0,0,1,0,0,0,0,0,0,0,0,0,3,0,0,0,0,1,0,0,0,0,0,0,0,0,0,0,0,0,0,0,0,0,0,0,0,1,1,0,0,0,0,0,0,0,0,0,0,0,0,0,0,242,9,0,0,0,0,0,0,0,0,2,0,11,0,0,0,0,0,0,0,0,2,0,0,0,0,0,0,0,246,14,0,0,30,0,84,0,0,0,0,0,0,0,0,0,0,0,0,0,0,0,0,0,2,0,0,6,0,0,0,1,0,0,0,0,1,1,0,100,0,0,0,0,9,0,0,0,0,0,0,0,0,0,0,0,8,0,0,0,0,3,0,0,0,0,5,0,0,0
"swc12",0,0,0,0,0,0,0,0,0,0,0,0,0,0,0,0,0,0,0,0,11,0,0,0,0,0,0,0,0,0,0,0,0,1,0,0,0,0,0,0,0,0,0,0,0,0,0,0,23,133,1644,18,2,0,0,0,0,9,0,0,121,0,0,0,0,0,0,0,0,0,0,0,0,0,4,0,14,0,1,0,0,0,0,0,0,0,0,0,0,0,0,0,0,0,0,0,0,0,0,0,0,0,17,0,0,1,0,162,0,0,0,0,0,0,15,0,0,0,0,0,0,0,0,0,0,0,0,0,0,0,0,0,0,0,1,3,0,0,50,0,0,0,0,0,0,0,0,24,0,0,1,14,0,211,0,0,0,0,661,0,3,13,0,0,0,0,0,0,0,0,0,5,0,0,0,0,0,0,0,0,0,0,0,1,0,0,0,0,0,0,5,0,0,0,0,0,0,0,0,0,0,0,0,0,0,0,0,321,0,0,0,0,0,0,0,0,0,0,0,0,0,0,0,0,0,0,0,0,1,0,0,0,0,0,0,0,0,0,0,0,0,0,0,0,0,0,0,0,0,0,0,0,0,0,0,0,0,0,0,0,0,0,0,0,0,0,3,0,0,0,0,0,26,0,0,0,0,79,0,0,0,0,0,0,0,0,0,0,0,2,0,0,0,0,0,0,0,0,0,0,2,0,83,13,0,0,0,1,0,0,0,0,0,0,0,0,0,0,1,0,0,0,0,0,0,0,0,0,0,0,4,17,0,0,0,19,0,42,0,0,0,0,0,0,0,0,0,0,0,0,0,0,0,0,0,0,0,0,0,0,0,0,0,0,0,0,0,0,0,0,0,0,0,0,0,0,0,0,0,0,0,0,0,0,0,0,0,0,0,0,1,1,0,0,0,0,0,0,0,0,0
"swc14",0,0,0,0,0,0,0,0,1,0,0,0,0,0,0,0,114,0,0,0,376,0,0,0,0,0,0,0,0,6,0,0,0,0,0,7,0,0,0,0,0,0,0,0,0,0,0,0,16,41,781,4,2,0,0,0,0,3,0,0,106,0,0,0,0,0,0,0,0,0,0,0,0,0,0,43,0,0,0,0,0,0,0,0,0,0,0,0,0,0,0,0,0,0,0,0,0,0,0,1,0,0,14,1,0,0,1,34,170,20,75,0,0,0,25,1,0,0,6,0,0,0,0,0,0,0,0,0,0,0,0,0,0,0,0,0,0,0,36,0,0,0,2,0,0,0,0,0,0,0,0,5,0,11,0,0,0,0,186,0,3,10,0,0,8,0,0,2,0,0,0,0,0,7,0,0,0,0,0,0,0,0,0,0,0,0,0,0,0,0,0,0,0,0,0,0,0,0,0,0,0,0,0,0,0,0,0,70,0,0,0,0,0,0,0,0,0,0,0,0,0,0,0,0,0,0,0,30,0,0,0,0,0,0,0,0,0,0,0,0,0,0,0,0,0,0,0,0,0,0,0,0,0,0,0,0,0,0,0,0,0,0,103,0,0,0,238,0,0,0,0,0,78,0,0,0,3,7,11,0,0,0,0,0,0,3,0,0,0,2,0,0,0,0,0,0,0,0,0,0,18,0,1,0,0,0,0,0,0,0,0,0,0,0,0,0,0,0,0,0,0,0,0,0,0,0,0,0,0,2,0,8,0,0,0,236,72,30,0,0,0,0,0,0,0,0,0,0,0,0,0,1,0,0,0,0,0,0,0,0,0,0,0,0,0,0,0,0,0,0,0,0,1,0,9,0,0,0,0,0,0,0,0,0,0,0,0,0,0,0,0,0,0,1,0,0,0,0,0,0,0
"swc15",0,0,0,1,0,0,4,0,13,0,0,0,0,0,0,0,29,0,0,0,6,0,0,2,5,0,0,0,0,13,0,0,0,0,0,0,0,0,0,0,0,0,0,0,0,0,0,0,16,29,1298,4,0,0,1,0,0,20,0,0,12,0,0,0,0,0,0,0,0,0,0,1,0,23,6,3,0,0,0,1,0,0,0,0,0,0,0,0,0,0,0,0,0,0,0,0,0,0,0,0,0,4,48,0,1,37,6,118,27,0,49,5,0,1,20,0,0,0,0,0,0,0,0,0,0,1,13,0,0,0,0,0,0,0,37,0,0,0,123,0,0,0,5,0,2,0,0,3,0,4,0,89,0,107,0,0,0,0,323,2,0,6,0,0,7,0,0,11,1,206,0,2,0,17,0,0,0,0,0,0,0,2,79,0,0,0,0,0,0,0,1,0,0,0,0,0,0,0,0,0,0,0,5,0,0,1,0,627,0,0,0,0,2,0,0,0,0,0,0,0,0,0,0,0,0,0,0,23,2,0,0,0,0,0,0,0,0,0,0,9,0,0,28,0,0,0,10,0,0,0,0,0,0,0,0,0,0,0,0,0,0,0,4,0,0,0,13,0,0,0,0,0,44,0,2,0,0,8,65,3,0,0,0,4,0,9,0,81,0,0,0,0,0,0,0,0,0,0,0,0,0,75,76,1,0,0,0,1,0,0,0,0,0,0,0,7,0,0,0,0,0,0,0,0,0,0,0,0,0,0,0,108,0,0,0,131,0,864,0,0,0,0,0,0,0,0,0,0,0,6,0,0,0,0,0,38,0,0,0,0,0,0,0,0,0,0,0,0,0,0,60,0,0,0,0,64,0,0,0,0,0,0,0,0,0,0,0,0,0,0,0,1,2,0,0,0,0,26,0,0,0
"swc22",0,0,0,0,0,0,1,0,9,0,1,0,0,0,0,0,0,0,0,0,0,0,0,0,0,0,0,0,0,103,0,0,1,1,0,17,0,0,0,0,0,0,0,0,0,0,4,0,13,16,591,5,0,0,0,0,4,5,0,0,146,0,0,0,0,0,0,0,0,0,0,0,0,11,19,0,2,0,0,0,0,0,0,0,0,0,0,0,0,0,0,0,0,4,0,0,0,0,0,0,5,15,118,0,1,5,0,36,5,0,5,0,0,0,18,0,0,0,3,0,0,0,0,0,0,0,0,0,0,0,0,0,0,0,24,0,0,0,86,0,0,0,5,0,0,0,0,98,3,249,0,53,0,0,0,0,0,0,177,0,51,12,1,0,6,0,0,4,0,0,0,0,0,0,0,0,0,0,0,0,0,0,8,0,0,0,0,0,0,0,1,0,0,0,0,0,0,0,0,0,0,0,27,0,0,0,28,784,0,21,9,8,0,0,0,0,0,0,0,0,0,0,0,0,0,0,0,0,0,0,0,0,0,1,0,0,0,0,0,0,0,0,0,0,33,0,0,0,0,0,0,0,0,0,0,0,0,0,0,0,0,0,0,0,0,0,2,0,0,0,0,0,16,0,0,0,0,28,0,0,0,0,0,0,0,66,0,0,0,0,0,0,0,0,0,0,0,0,0,0,0,34,132,2,0,0,0,1,0,0,0,0,0,0,0,0,0,0,0,0,0,0,0,0,0,0,0,0,0,0,0,73,0,0,0,38,95,208,0,0,0,0,0,0,0,0,0,0,0,0,0,0,0,0,0,0,0,0,0,0,0,0,0,0,0,0,0,0,0,1,370,0,0,0,0,0,0,0,0,0,0,0,0,0,0,0,0,0,0,0,8,0,0,0,0,0,0,0,0,0,0
"swc31",0,0,0,0,0,0,0,0,0,0,1,0,0,0,0,0,41,0,0,0,32,0,0,0,0,0,0,0,0,6,0,0,0,0,2,0,0,0,0,0,0,0,0,1,0,0,1,0,30,62,743,8,0,0,0,0,0,4,0,0,286,0,0,0,0,0,0,0,0,0,0,0,0,3,5,8,8,0,0,0,0,0,0,0,0,0,0,0,0,0,0,0,0,0,0,0,0,0,0,0,5,0,61,1,0,10,1,12,11,0,0,0,0,2,105,1,0,0,0,0,0,0,0,0,0,0,0,0,0,0,0,0,0,0,13,0,0,0,9,0,0,0,0,0,0,0,0,8,0,0,0,20,0,13,0,0,0,0,248,0,0,11,0,0,2,0,0,0,0,1,0,0,1,0,0,0,0,0,0,0,0,0,1,0,0,0,0,0,0,0,0,0,0,0,0,0,0,0,0,0,0,0,0,0,0,0,3,407,0,0,1,0,0,0,0,0,0,0,0,0,0,0,0,0,0,0,0,1,0,0,0,0,0,0,0,0,0,0,0,0,0,0,0,0,0,0,0,6,0,0,0,0,0,0,0,0,0,0,0,0,0,0,2,0,0,0,35,0,0,0,0,0,27,0,0,0,25,0,14,0,0,0,0,0,0,2,0,0,0,1,0,0,0,0,0,0,0,0,0,0,3,1,86,1,0,0,0,1,0,0,0,0,0,0,0,0,0,2,0,0,0,0,0,0,0,0,0,0,0,0,1,77,0,0,0,304,45,3,0,0,0,0,0,0,0,0,0,0,0,0,0,0,25,0,0,0,0,0,0,0,0,0,0,0,0,0,0,0,0,0,1,0,1,0,1,11,0,0,0,0,0,0,0,0,0,0,0,0,0,1,0,0,0,0,0,0,0,0,0,0,0
"swc33",0,0,0,0,0,2,0,0,4,0,0,0,0,0,0,0,0,1,0,0,17,0,0,3,0,0,0,0,1,8,0,0,0,0,1,0,0,0,0,1,0,0,0,0,0,0,0,0,6,20,590,2,2,0,0,0,0,49,0,0,441,0,0,0,0,0,0,5,0,0,0,1,0,0,43,10,13,0,0,0,0,0,0,0,0,8,0,0,0,0,0,0,0,0,0,0,0,29,0,1,0,5,126,1,9,4,161,313,99,0,0,0,0,0,16,0,0,0,0,0,0,0,0,0,0,0,2,0,0,0,0,0,0,0,0,0,0,0,122,0,0,1,0,0,0,0,0,1,0,0,0,3,0,2,0,0,0,0,223,2,2,2,0,0,0,0,0,15,0,756,0,0,0,0,0,0,0,0,0,0,0,0,0,0,0,0,0,0,0,0,0,5,0,0,0,0,0,0,0,0,0,0,0,0,0,0,0,487,0,0,0,0,0,0,0,0,0,0,0,0,0,0,0,0,0,0,0,2,0,0,0,0,0,0,0,0,0,0,8,18,0,0,1,0,5,0,0,0,0,0,0,0,0,0,0,0,0,0,0,0,0,0,3,0,0,0,23,0,0,0,0,0,83,0,0,0,6,6,79,0,0,0,2,0,0,17,0,0,0,0,0,0,0,0,0,0,0,0,0,0,8,0,31,14,0,0,0,0,0,0,0,0,0,0,0,0,0,0,0,0,0,0,0,0,0,0,0,0,0,0,0,12,0,0,0,111,17,187,0,0,0,0,0,0,0,0,0,0,0,0,0,0,0,0,0,0,0,0,0,0,0,0,0,0,0,0,0,2,14,0,1,0,0,0,0,0,0,0,0,0,0,0,0,0,0,0,0,0,0,0,0,0,0,0,0,0,0,4,0,0,0
"swc7",0,2,0,0,0,0,0,0,1,0,0,0,0,0,0,0,0,0,0,0,1,0,0,1,0,0,0,0,0,25,0,0,0,0,0,4,0,0,0,0,0,0,0,1,0,0,0,0,8,2,126,0,0,0,0,0,15,2,0,0,213,0,0,0,0,0,0,2,0,0,0,0,0,0,14,4,14,0,0,0,0,0,0,0,1,0,0,0,0,0,0,0,0,0,0,0,0,0,1,1,0,9,24,0,8,0,33,17,2,18,0,0,0,0,26,0,0,0,0,0,0,0,0,0,0,0,0,0,0,0,0,0,0,0,1,0,0,0,6,0,0,0,0,0,0,0,0,2,0,0,0,1,0,5,0,0,0,0,953,5,0,0,0,0,1,0,0,3,0,134,0,0,2,0,0,0,0,0,0,0,0,0,0,0,0,0,0,0,0,0,0,0,0,0,0,0,0,0,0,0,0,0,0,0,0,0,0,111,0,1,0,0,0,0,0,0,0,0,0,0,0,0,0,0,0,0,0,0,0,0,0,0,0,0,0,0,0,0,2,11,0,0,2,0,7,0,1,0,0,0,0,0,0,0,0,0,0,0,0,0,0,0,1,0,0,0,19,0,0,0,0,0,53,0,0,0,9,0,107,0,0,0,0,0,1,4,0,1,0,0,0,0,0,0,0,0,0,0,0,0,2,1,2,1,0,0,0,0,0,0,0,0,0,0,0,2,0,1,0,0,0,0,0,0,0,0,0,0,0,0,0,3,1,0,0,20,26,12,0,0,0,0,0,0,3,0,0,0,0,0,0,0,0,0,0,70,0,0,0,0,0,0,0,0,0,0,0,2,0,0,1,0,0,0,0,0,0,0,0,0,0,0,0,0,0,0,0,0,0,1,4,0,0,0,0,0,0,0,0,0,0
"swp12",0,0,0,0,0,0,0,0,7,0,0,0,0,0,0,0,0,0,0,0,16,0,3,0,0,0,0,0,4,15,0,0,0,0,1,9,0,0,0,0,0,1,0,0,0,0,1,0,29,11,163,2,0,0,0,4,25,7,0,0,413,0,0,0,0,0,0,0,0,0,0,0,0,0,15,0,3,0,0,0,0,0,0,0,31,0,0,0,0,0,0,0,0,0,0,0,0,0,0,3,0,11,140,1,28,28,0,19,3,4,154,0,4,0,152,8,0,0,1,0,0,0,0,0,0,0,0,0,0,0,0,0,0,0,5,0,0,0,136,0,0,0,0,0,0,0,1,40,0,0,0,483,0,476,0,6,0,0,79,0,4,19,0,0,28,0,0,0,0,0,0,1,1,0,0,1,0,0,2,0,0,0,0,0,0,0,0,0,0,0,0,0,0,0,0,0,0,0,0,0,0,0,4,0,0,0,7,459,0,1,0,0,1,0,0,0,0,0,0,0,0,0,0,0,0,0,0,20,0,0,0,0,0,0,0,0,0,0,7,0,0,0,0,0,0,0,0,0,0,0,0,0,0,0,0,0,0,0,0,0,0,0,4,0,0,0,243,0,0,0,0,0,45,0,0,0,2,0,0,0,0,0,0,0,0,4,1,0,0,0,0,0,0,0,0,0,0,0,0,0,1,2,22,1,0,0,0,1,0,0,0,0,0,0,0,0,0,0,0,0,0,0,0,0,0,0,0,0,0,0,0,10,0,0,0,453,102,54,0,0,0,0,0,0,0,0,1,0,0,0,0,0,0,0,0,0,0,0,0,0,0,0,0,0,0,0,0,0,0,0,31,0,1,0,4,0,0,0,0,0,0,0,0,0,0,0,0,0,0,0,2,0,0,0,0,0,0,0,0,0,0
"swp15",0,0,0,0,0,0,4,0,0,0,0,0,0,0,0,0,65,0,0,0,13,0,0,0,0,0,0,0,0,55,0,0,0,0,0,1,0,0,0,0,0,0,0,0,0,0,0,0,8,6,322,1,0,0,0,0,0,5,0,0,6,0,0,0,0,0,0,0,0,0,0,0,0,0,8,4,0,0,0,0,0,0,0,0,0,0,0,0,0,0,0,0,0,0,0,0,0,0,0,0,0,41,26,0,0,27,2,485,43,12,1,0,0,0,15,1,0,0,0,0,0,0,0,0,0,0,1,0,0,0,18,1,0,0,9,0,0,0,1,0,0,0,10,0,0,0,0,0,0,1,0,103,0,1,0,1,0,0,346,23,1,51,0,0,24,0,0,1,0,27,0,0,0,106,0,0,0,0,0,0,0,1,0,0,0,0,0,0,0,0,1,0,0,0,0,0,0,0,0,0,0,0,0,0,0,0,0,215,0,1,0,0,0,0,0,0,0,0,0,0,0,0,0,0,0,0,0,40,0,0,0,0,0,0,0,0,0,0,0,20,0,0,1,0,0,0,2,0,0,0,0,0,0,0,0,0,0,0,0,0,0,0,13,0,0,0,90,0,0,0,0,0,73,0,11,0,0,0,305,0,0,0,0,0,0,0,0,11,0,0,0,0,0,0,0,0,0,0,0,0,0,1,1347,36,0,0,0,0,0,0,0,0,0,0,1,0,0,0,3,0,0,0,0,0,0,0,0,0,0,0,0,3,0,0,0,58,0,244,0,0,0,0,0,0,0,0,0,0,0,0,0,0,0,0,0,131,0,0,0,0,0,0,0,0,0,0,0,0,0,0,50,0,0,0,15,4,0,0,0,0,0,0,0,0,0,0,0,0,0,0,0,1,0,0,0,0,0,6,0,0,0
"swp17",0,0,0,0,0,7,54,0,0,1,1,0,0,0,0,0,7,0,1,0,49,0,0,151,0,0,0,0,0,4,0,0,0,1,40,1,0,6,0,0,0,0,0,0,0,0,0,0,73,160,2652,39,12,0,0,0,10,47,0,0,210,0,0,0,0,0,0,0,0,0,0,15,1,5,13,15,0,0,0,0,1,0,0,0,0,0,0,0,0,0,0,0,0,0,0,0,0,4,0,1,0,6,88,0,11,151,6,679,33,76,76,2,163,0,37,2,0,1,28,0,1,0,1,0,0,0,24,0,0,0,21,1,0,0,55,4,0,0,100,0,0,0,29,0,0,4,0,20,0,45,0,39,0,311,0,3,0,0,257,4,0,127,0,0,17,0,6,9,0,169,0,1,0,11,0,0,3,0,0,0,0,11,28,24,0,0,0,0,0,0,2,0,0,0,0,0,0,0,0,0,0,0,1,0,0,0,0,728,0,4,0,0,1,0,0,2,0,0,0,0,0,0,0,0,0,0,0,28,0,0,0,1,0,0,0,0,0,0,0,14,0,2,0,0,111,0,2,0,0,0,0,0,0,0,0,0,0,0,0,0,0,5,11,0,8,0,61,0,0,0,0,3,146,0,9,1,41,6,148,0,0,0,0,0,0,6,0,46,0,4,0,0,0,0,0,2,0,0,0,0,8,18,1618,28,0,0,0,0,0,0,0,0,3,0,20,0,0,1,59,0,0,0,0,0,0,0,0,0,0,1,1,98,0,0,0,180,41,125,0,0,0,0,0,0,0,0,0,0,0,6,0,1,0,0,0,73,0,0,0,0,0,0,0,0,0,0,0,17,1,0,74,0,0,0,86,2,0,0,0,0,0,0,0,0,0,0,0,0,0,0,1,0,2,0,0,1,0,138,0,1,0
"swp20",0,0,0,0,0,1,5,0,11,2,2,0,0,0,0,0,50,0,0,0,54,0,0,14,0,0,0,0,0,77,3,0,0,0,13,1,0,0,0,0,0,5,0,0,0,0,0,0,22,55,1885,8,5,0,0,0,0,20,0,0,9,0,0,0,0,0,0,0,0,0,0,9,0,0,16,0,28,0,0,0,0,0,0,0,0,33,0,0,0,0,0,0,0,0,0,0,0,0,0,0,0,6,3,0,0,11,5,553,21,6,2,0,0,0,5,5,0,0,0,0,0,0,0,0,0,0,11,0,0,0,0,1,0,0,10,0,0,0,110,0,0,0,60,0,7,0,0,0,0,0,0,9,0,6,0,1,0,0,8,0,0,6,0,0,6,0,0,5,1,309,0,1,0,211,0,0,0,0,0,0,0,70,702,0,0,0,0,0,0,0,0,0,0,0,0,0,0,0,0,0,0,0,0,0,0,0,0,372,0,3,0,0,0,0,0,7,0,0,0,0,0,0,0,0,0,0,0,0,0,0,0,0,0,0,0,0,0,0,0,0,0,0,0,0,0,0,0,0,0,0,0,0,0,0,0,0,0,0,0,0,0,0,9,0,0,0,28,0,0,0,0,0,35,0,0,0,0,1,257,12,0,0,0,0,2,0,0,168,1,0,0,0,0,0,0,0,0,0,0,0,8,24,131,5,0,0,0,0,0,0,0,6,0,0,2,0,0,0,0,0,0,0,0,0,1,0,0,0,0,0,0,0,0,0,0,76,0,365,0,0,0,0,0,0,0,0,0,0,0,0,0,0,0,0,0,82,0,0,0,0,0,0,1,0,0,0,0,0,1,1,1,0,0,0,0,0,0,0,0,0,0,1,0,0,1,0,0,0,0,0,0,0,0,0,0,0,0,11,0,0,0
"swp31",0,0,0,0,0,128,6,0,3,0,0,0,0,0,0,0,0,0,0,0,21,0,0,2,0,0,0,0,1,17,0,0,1,3,0,17,0,0,0,0,0,0,0,2,0,0,0,0,16,39,3451,6,27,0,0,0,1,0,0,0,288,0,0,0,0,0,0,0,0,0,0,1,0,0,29,10,0,0,0,0,0,0,0,0,0,0,0,0,0,0,0,0,0,1,0,0,0,5,2,0,102,0,111,0,13,0,0,584,30,7,0,2,3,0,192,0,0,0,0,0,0,0,0,0,0,0,90,0,0,0,0,0,0,0,0,21,0,0,373,0,0,0,0,0,0,0,0,2,0,0,0,7,0,0,0,0,0,0,24,0,28,12,0,0,96,0,0,0,0,9,0,0,0,0,0,0,0,3,0,0,0,1,0,0,0,0,0,0,0,0,0,0,0,0,0,0,0,1,0,0,0,0,0,0,0,0,0,573,0,1,0,0,1,0,0,0,0,0,0,0,0,1,0,0,0,0,0,233,0,0,0,0,0,0,0,0,0,0,13,0,0,0,0,0,8,0,0,0,0,0,0,0,0,0,0,0,0,0,0,0,0,0,34,0,0,0,159,0,0,0,0,0,79,0,0,0,2,70,7,0,0,0,0,0,0,3,0,0,0,0,0,0,0,0,0,0,0,0,0,0,3,0,509,167,0,0,0,0,0,0,0,1,2,0,2,0,2,0,0,0,0,0,1,0,0,0,0,0,0,0,0,65,0,0,0,120,120,466,0,0,0,0,0,0,5,0,0,0,0,0,0,0,0,0,0,3,0,0,0,0,0,0,0,0,0,0,0,15,20,0,0,0,0,0,1,0,0,0,0,0,0,0,0,0,0,0,0,0,0,0,0,0,0,0,0,0,0,3,0,0,0
"swp6",0,0,0,0,0,0,0,0,0,0,0,0,0,0,0,0,0,0,0,0,1,0,0,0,0,0,0,0,0,14,0,0,0,0,0,0,0,0,0,0,0,0,0,0,0,0,0,0,2,0,46,0,0,0,0,0,10,0,0,0,105,0,0,0,0,0,0,0,0,0,0,0,0,0,6,2,9,0,0,0,0,0,0,0,0,0,0,0,0,0,0,0,0,0,0,0,0,0,0,0,0,12,7,0,5,1,6,5,0,15,0,0,0,0,18,0,0,0,0,0,0,0,0,0,0,0,0,0,0,0,0,0,0,0,0,0,0,0,2,0,0,0,0,0,1,0,0,0,0,0,0,0,0,0,0,0,0,0,466,7,0,1,0,0,0,0,0,2,0,72,0,0,0,0,0,0,0,0,0,0,0,0,0,0,0,0,0,0,0,0,0,0,0,2,0,0,0,0,0,0,0,0,0,0,0,0,0,54,0,0,0,0,0,0,0,0,0,0,0,0,0,0,0,0,0,0,0,0,0,0,0,0,0,0,1,0,0,0,1,15,0,0,2,0,7,0,0,0,0,0,0,0,0,0,0,0,0,0,0,0,0,0,0,0,0,0,10,0,0,0,0,0,21,0,0,0,3,0,32,0,0,0,0,0,0,0,0,0,0,0,0,0,0,0,0,0,0,0,0,0,0,0,0,0,0,0,0,0,0,0,0,0,0,0,0,0,0,0,0,0,0,1,0,0,0,0,0,0,0,0,0,0,1,0,0,6,9,5,0,0,0,0,0,0,1,0,0,0,0,0,0,0,0,0,0,50,0,0,0,0,0,0,0,0,0,0,0,2,0,0,0,0,0,0,0,0,0,0,0,0,0,0,0,0,0,0,0,0,0,2,3,0,0,0,0,0,0,0,0,0,0
